{
  "5": {
    "New Relevant Doc Count": {
      "mean": 4.832432432432433,
      "median": 5,
      "q1": 5.0,
      "q2": 5.0,
      "q3": 5.0,
      "q4": 5.0,
      "ci_95_lower": 4.772972972972973,
      "ci_95_upper": 4.886486486486486,
      "values": "[5, 5, 5, 5, 5, 5, 5, 5, 5, 5, 5, 5, 5, 5, 5, 5, 4, 5, 5, 5, 5, 4, 4, 5, 5, 5, 5, 5, 5, 5, 5, 5, 5, 5, 5, 5, 5, 5, 5, 5, 5, 5, 5, 5, 5, 5, 5, 5, 5, 5, 5, 4, 4, 5, 5, 5, 5, 5, 4, 5, 5, 5, 5, 5, 5, 5, 5, 5, 5, 4, 5, 5, 4, 5, 5, 5, 5, 5, 5, 4, 5, 5, 5, 5, 3, 5, 5, 5, 5, 5, 5, 5, 5, 5, 5, 5, 5, 4, 5, 5, 5, 5, 5, 5, 5, 5, 5, 5, 4, 5, 5, 5, 5, 5, 5, 5, 5, 5, 5, 5, 4, 5, 5, 5, 5, 5, 5, 5, 5, 4, 5, 5, 4, 5, 4, 5, 5, 4, 5, 5, 5, 5, 4, 5, 3, 5, 5, 5, 5, 5, 5, 4, 5, 5, 5, 4, 5, 5, 5, 5, 5, 5, 5, 3, 4, 4, 4, 5, 5, 4, 5, 5, 5, 5, 4, 5, 5, 5, 4, 5, 5, 5, 5, 5, 5]"
    },
    "Relevance Rate": {
      "mean": 0.9664864864864865,
      "median": 1.0,
      "q1": 1.0,
      "q2": 1.0,
      "q3": 1.0,
      "q4": 1.0,
      "ci_95_lower": 0.9535135135135137,
      "ci_95_upper": 0.9773243243243243,
      "values": "[1.0, 1.0, 1.0, 1.0, 1.0, 1.0, 1.0, 1.0, 1.0, 1.0, 1.0, 1.0, 1.0, 1.0, 1.0, 1.0, 0.8, 1.0, 1.0, 1.0, 1.0, 0.8, 0.8, 1.0, 1.0, 1.0, 1.0, 1.0, 1.0, 1.0, 1.0, 1.0, 1.0, 1.0, 1.0, 1.0, 1.0, 1.0, 1.0, 1.0, 1.0, 1.0, 1.0, 1.0, 1.0, 1.0, 1.0, 1.0, 1.0, 1.0, 1.0, 0.8, 0.8, 1.0, 1.0, 1.0, 1.0, 1.0, 0.8, 1.0, 1.0, 1.0, 1.0, 1.0, 1.0, 1.0, 1.0, 1.0, 1.0, 0.8, 1.0, 1.0, 0.8, 1.0, 1.0, 1.0, 1.0, 1.0, 1.0, 0.8, 1.0, 1.0, 1.0, 1.0, 0.6, 1.0, 1.0, 1.0, 1.0, 1.0, 1.0, 1.0, 1.0, 1.0, 1.0, 1.0, 1.0, 0.8, 1.0, 1.0, 1.0, 1.0, 1.0, 1.0, 1.0, 1.0, 1.0, 1.0, 0.8, 1.0, 1.0, 1.0, 1.0, 1.0, 1.0, 1.0, 1.0, 1.0, 1.0, 1.0, 0.8, 1.0, 1.0, 1.0, 1.0, 1.0, 1.0, 1.0, 1.0, 0.8, 1.0, 1.0, 0.8, 1.0, 0.8, 1.0, 1.0, 0.8, 1.0, 1.0, 1.0, 1.0, 0.8, 1.0, 0.6, 1.0, 1.0, 1.0, 1.0, 1.0, 1.0, 0.8, 1.0, 1.0, 1.0, 0.8, 1.0, 1.0, 1.0, 1.0, 1.0, 1.0, 1.0, 0.6, 0.8, 0.8, 0.8, 1.0, 1.0, 0.8, 1.0, 1.0, 1.0, 1.0, 0.8, 1.0, 1.0, 1.0, 0.8, 1.0, 1.0, 1.0, 1.0, 1.0, 1.0]"
    },
    "Token Increase Rate": {
      "mean": 1.373542847836534,
      "median": 1.2832244008714597,
      "q1": 1.1964856230031948,
      "q2": 1.2832244008714597,
      "q3": 1.4664268585131894,
      "q4": 2.5307855626326963,
      "ci_95_lower": 1.3408812888683095,
      "ci_95_upper": 1.4122141489239708,
      "values": "[1.1281708945260347, 1.7151394422310757, 1.1671826625386996, 1.2996005326231692, 1.2692307692307692, 1.2032520325203253, 1.1822358346094946, 1.2725321888412018, 1.2530864197530864, 1.155367231638418, 1.2126436781609196, 1.1420454545454546, 1.228624535315985, 1.4671403197158082, 1.2365771812080537, 1.187125748502994, 1.3534635879218473, 1.3371900826446281, 1.2348754448398576, 1.235408560311284, 1.2576923076923077, 1.203187250996016, 1.108322324966975, 1.152145643693108, 1.3622183708838822, 1.2989449003517, 1.26232741617357, 1.8237885462555066, 1.1641168289290682, 1.6883468834688347, 1.249438202247191, 1.1403508771929824, 1.368421052631579, 1.3630862329803328, 1.2832244008714597, 1.44, 1.1821036106750393, 1.4083640836408364, 1.49822695035461, 1.5567651632970452, 1.2014388489208634, 1.2303754266211604, 1.8892921960072595, 1.249438202247191, 1.5433526011560694, 1.2586206896551724, 1.5996884735202492, 1.1858006042296072, 1.900874635568513, 1.6003616636528029, 1.4339622641509433, 1.3803457688808007, 1.1421725239616614, 1.6822107081174438, 1.2288930581613509, 2.1525054466230937, 1.213235294117647, 1.1855072463768115, 1.3534635879218473, 1.4249578414839799, 1.3585585585585584, 1.1830790568654646, 1.376530612244898, 1.1964856230031948, 2.3015873015873014, 1.1924242424242424, 2.161449752883031, 1.730983302411874, 1.4722222222222223, 1.184090909090909, 1.2119205298013245, 1.349924585218703, 1.1443298969072164, 1.8407960199004976, 1.4746376811594204, 1.1822358346094946, 1.1660181582360571, 1.2612456747404843, 1.3838209982788297, 1.3979591836734695, 1.4087882822902795, 1.2003454231433506, 1.2326530612244897, 1.2082616179001722, 1.266955266955267, 1.3645833333333333, 1.300136425648022, 1.935042735042735, 1.4285714285714286, 1.3289036544850499, 1.2164429530201342, 1.2321428571428572, 1.172782874617737, 1.4187116564417177, 1.235408560311284, 1.9810246679316887, 1.188626907073509, 1.3250345781466113, 1.2106194690265486, 1.740076824583867, 1.2321755027422303, 1.1683937823834196, 1.5219364599092284, 1.1726519337016574, 1.2067137809187278, 1.2709163346613546, 1.480603448275862, 1.4522184300341296, 1.3064729194187583, 1.3350515463917525, 1.478021978021978, 1.2127303182579565, 1.2169117647058822, 1.2703777335984094, 1.6587677725118484, 1.2242314647377939, 1.188216039279869, 1.1859154929577465, 1.4664268585131894, 1.4264462809917355, 1.1924398625429553, 1.5261669024045261, 1.5412234042553192, 1.300136425648022, 2.2, 1.2039007092198581, 1.8562753036437247, 1.7370689655172413, 1.2127272727272727, 1.3734290843806105, 1.368421052631579, 1.4700854700854702, 1.2965879265091864, 1.3519781718963164, 1.3478915662650603, 1.193645990922844, 1.1491002570694087, 1.1323529411764706, 1.1825396825396826, 1.4824561403508771, 2.5307855626326963, 1.4, 1.1576354679802956, 1.2612085769980508, 1.595925297113752, 1.1734104046242775, 1.1724137931034482, 1.289838337182448, 1.467153284671533, 1.1774193548387097, 1.2893617021276595, 1.3979591836734695, 1.9126050420168068, 1.7370689655172413, 1.2659685863874346, 1.1842610364683301, 1.3980099502487562, 1.8078668683812404, 1.558139534883721, 1.1954624781849912, 1.4696629213483146, 1.2692307692307692, 1.1445497630331753, 1.156648451730419, 1.141945773524721, 1.1577235772357723, 1.150220913107511, 1.3519781718963164, 1.2335456475583864, 1.4087591240875912, 1.1825396825396826, 1.2418772563176896, 1.1863173216885008, 1.856338028169014, 1.114814814814815, 1.119140625, 1.2063758389261745, 1.2342007434944238, 1.5088832487309645, 1.3952095808383234, 1.4466192170818506, 1.5433526011560694, 1.8954545454545455, 1.845481049562682, 1.3645833333333333]"
    }
  },
  "10": {
    "New Relevant Doc Count": {
      "mean": 9.443243243243243,
      "median": 10,
      "q1": 9.0,
      "q2": 10.0,
      "q3": 10.0,
      "q4": 10.0,
      "ci_95_lower": 9.281081081081082,
      "ci_95_upper": 9.594594594594595,
      "values": "[10, 10, 10, 9, 3, 9, 10, 10, 9, 10, 10, 10, 10, 10, 10, 10, 9, 3, 10, 10, 7, 10, 9, 9, 10, 9, 10, 10, 10, 10, 10, 9, 10, 10, 10, 10, 10, 10, 9, 10, 10, 10, 10, 10, 10, 10, 10, 10, 10, 10, 10, 9, 7, 10, 9, 9, 10, 10, 10, 10, 10, 9, 10, 10, 9, 10, 10, 10, 10, 9, 10, 10, 9, 10, 9, 10, 10, 6, 10, 10, 10, 10, 10, 10, 9, 6, 9, 10, 10, 10, 10, 10, 10, 10, 10, 10, 10, 10, 10, 10, 10, 10, 9, 10, 9, 10, 10, 10, 10, 10, 10, 10, 9, 10, 9, 9, 10, 9, 9, 10, 10, 10, 10, 9, 9, 10, 10, 10, 9, 9, 10, 9, 8, 9, 10, 8, 7, 9, 8, 9, 9, 10, 6, 10, 9, 9, 8, 10, 10, 10, 10, 10, 9, 10, 10, 10, 10, 10, 9, 10, 8, 10, 10, 8, 9, 10, 8, 8, 10, 10, 8, 10, 9, 10, 7, 9, 10, 10, 9, 10, 8, 10, 10, 10, 8]"
    },
    "Relevance Rate": {
      "mean": 0.9443243243243243,
      "median": 1.0,
      "q1": 0.9,
      "q2": 1.0,
      "q3": 1.0,
      "q4": 1.0,
      "ci_95_lower": 0.9281081081081081,
      "ci_95_upper": 0.9589189189189189,