{
  "5": {
    "recall_at_k": {
      "mean": 0.5349549549549549,
      "median": 0.5,
      "q1": 0.3333333333333333,
      "q3": 0.6666666666666666,
      "q4": 1.0,
      "ci_95_lower": 0.4987207207207206,
      "ci_95_upper": 0.5693693693693692,
      "n": 185
    },
    "cover_at_k": {
      "mean": 0.5349549549549549,
      "median": 0.5,
      "q1": 0.3333333333333333,
      "q3": 0.6666666666666666,
      "q4": 1.0,
      "ci_95_lower": 0.49711711711711715,
      "ci_95_upper": 0.5711711711711711,
      "n": 185
    }
  },
  "10": {
    "recall_at_k": {
      "mean": 0.6972972972972973,
      "median": 0.8333333333333334,
      "q1": 0.5,
      "q3": 1.0,
      "q4": 1.0,
      "ci_95_lower": 0.6558558558558559,
      "ci_95_upper": 0.7360360360360362,
      "n": 185
    },
    "cover_at_k": {
      "mean": 0.6972972972972973,
      "median": 0.8333333333333334,
      "q1": 0.5,
      "q3": 1.0,
      "q4": 1.0,
      "ci_95_lower": 0.6531306306306306,
      "ci_95_upper": 0.7387837837837838,
      "n": 185
    }
  },
  "20": {
    "recall_at_k": {
      "mean": 0.781981981981982,
      "median": 0.8333333333333334,
      "q1": 0.6666666666666666,
      "q3": 1.0,
      "q4": 1.0,
      "ci_95_lower": 0.7405405405405405,
      "ci_95_upper": 0.8180180180180181,
      "n": 185
    },
    "cover_at_k": {
      "mean": 0.781981981981982,
      "median": 0.8333333333333334,
      "q1": 0.6666666666666666,
      "q3": 1.0,
      "q4": 1.0,
      "ci_95_lower": 0.7450225225225224,
      "ci_95_upper": 0.8207207207207207,
      "n": 185
    }
  }
}